category,query,response
technical_support,My app is crashing,Try reinstalling the app and ensure your device's software is up to date.
account_issues,Why was my account locked?,Your account may be locked due to multiple failed login attempts. Please reset your password or contact support.
account_issues,How do I update my account information?,You can update your account information by logging in and visiting the 'Account Settings' page.
technical_support,How do I report a bug?,"To report a bug, please visit our support page and submit a bug report."
technical_support,The website is not loading,"Please try clearing your browser's cache and cookies, and then reload the page."
order_status,When will my order arrive?,The current status of your order is 'In Transit' and it should arrive soon.
return_policy,What is your return policy?,You can return any item within 30 days of purchase.
technical_support,How do I update the app?,You can update the app by visiting the app store on your device and checking for updates.
technical_support,How do I report a bug?,"To report a bug, please visit our support page and submit a bug report."
return_policy,Will I be refunded for the return shipping cost?,Return shipping costs are not refunded unless the item was defective or incorrectly sent.
return_policy,Will I be refunded for the return shipping cost?,Return shipping costs are not refunded unless the item was defective or incorrectly sent.
technical_support,The website is not loading,"Please try clearing your browser's cache and cookies, and then reload the page."
order_status,Where is my order?,Your order is on the way and should arrive within 3-5 business days.
return_policy,How long does it take to process a return?,Returns are typically processed within 5-7 business days.
technical_support,My app is crashing,Try reinstalling the app and ensure your device's software is up to date.
technical_support,How do I report a bug?,"To report a bug, please visit our support page and submit a bug report."
return_policy,Will I be refunded for the return shipping cost?,Return shipping costs are not refunded unless the item was defective or incorrectly sent.
technical_support,My app is crashing,Try reinstalling the app and ensure your device's software is up to date.
order_status,I haven't received my order yet.,We apologize for the delay. Please allow a few more days for your order to arrive.
order_status,"My order is delayed, what should I do?",Please contact our support team for assistance with delayed orders.
return_policy,How do I return a product?,"To return a product, please visit our returns page and follow the instructions."
return_policy,What is your return policy?,You can return any item within 30 days of purchase.
return_policy,Will I be refunded for the return shipping cost?,Return shipping costs are not refunded unless the item was defective or incorrectly sent.
account_issues,How do I update my account information?,You can update your account information by logging in and visiting the 'Account Settings' page.
technical_support,How do I update the app?,You can update the app by visiting the app store on your device and checking for updates.
return_policy,Can I return an item after 30 days?,"Unfortunately, items cannot be returned after 30 days from the date of purchase."
return_policy,Will I be refunded for the return shipping cost?,Return shipping costs are not refunded unless the item was defective or incorrectly sent.
order_status,I haven't received my order yet.,We apologize for the delay. Please allow a few more days for your order to arrive.
account_issues,I can't access my account,Please contact our support team to assist you with account access issues.
technical_support,I'm experiencing issues with the app,"Please restart the app and try again. If the issue persists, contact our support team."
order_status,Can you tell me the status of my order?,Your order has been shipped and is expected to arrive by [date].
return_policy,How do I return a product?,"To return a product, please visit our returns page and follow the instructions."
technical_support,The website is not loading,"Please try clearing your browser's cache and cookies, and then reload the page."
account_issues,I can't access my account,Please contact our support team to assist you with account access issues.
order_status,Can you tell me the status of my order?,Your order has been shipped and is expected to arrive by [date].
technical_support,I'm experiencing issues with the app,"Please restart the app and try again. If the issue persists, contact our support team."
account_issues,How do I reset my password?,You can reset your password by clicking on 'Forgot Password' at the login page.
return_policy,Will I be refunded for the return shipping cost?,Return shipping costs are not refunded unless the item was defective or incorrectly sent.
technical_support,I'm experiencing issues with the app,"Please restart the app and try again. If the issue persists, contact our support team."
technical_support,How do I report a bug?,"To report a bug, please visit our support page and submit a bug report."
order_status,When will my order arrive?,The current status of your order is 'In Transit' and it should arrive soon.
return_policy,How do I return a product?,"To return a product, please visit our returns page and follow the instructions."
order_status,I haven't received my order yet.,We apologize for the delay. Please allow a few more days for your order to arrive.
account_issues,How do I update my account information?,You can update your account information by logging in and visiting the 'Account Settings' page.
return_policy,Will I be refunded for the return shipping cost?,Return shipping costs are not refunded unless the item was defective or incorrectly sent.
technical_support,My app is crashing,Try reinstalling the app and ensure your device's software is up to date.
order_status,Can you tell me the status of my order?,Your order has been shipped and is expected to arrive by [date].
order_status,I haven't received my order yet.,We apologize for the delay. Please allow a few more days for your order to arrive.
return_policy,How long does it take to process a return?,Returns are typically processed within 5-7 business days.
technical_support,How do I update the app?,You can update the app by visiting the app store on your device and checking for updates.
technical_support,My app is crashing,Try reinstalling the app and ensure your device's software is up to date.
account_issues,How do I reset my password?,You can reset your password by clicking on 'Forgot Password' at the login page.
technical_support,I'm experiencing issues with the app,"Please restart the app and try again. If the issue persists, contact our support team."
order_status,Can you tell me the status of my order?,Your order has been shipped and is expected to arrive by [date].
order_status,Where is my order?,Your order is on the way and should arrive within 3-5 business days.
account_issues,Can I delete my account?,"To delete your account, please contact our support team."
technical_support,How do I report a bug?,"To report a bug, please visit our support page and submit a bug report."
order_status,When will my order arrive?,The current status of your order is 'In Transit' and it should arrive soon.
account_issues,How do I reset my password?,You can reset your password by clicking on 'Forgot Password' at the login page.
order_status,Can you tell me the status of my order?,Your order has been shipped and is expected to arrive by [date].
account_issues,How do I update my account information?,You can update your account information by logging in and visiting the 'Account Settings' page.
technical_support,How do I report a bug?,"To report a bug, please visit our support page and submit a bug report."
technical_support,How do I update the app?,You can update the app by visiting the app store on your device and checking for updates.
account_issues,Can I delete my account?,"To delete your account, please contact our support team."
account_issues,I can't access my account,Please contact our support team to assist you with account access issues.
return_policy,What is your return policy?,You can return any item within 30 days of purchase.
return_policy,How do I return a product?,"To return a product, please visit our returns page and follow the instructions."
return_policy,What is your return policy?,You can return any item within 30 days of purchase.
account_issues,How do I reset my password?,You can reset your password by clicking on 'Forgot Password' at the login page.
technical_support,I'm experiencing issues with the app,"Please restart the app and try again. If the issue persists, contact our support team."
technical_support,How do I report a bug?,"To report a bug, please visit our support page and submit a bug report."
return_policy,Will I be refunded for the return shipping cost?,Return shipping costs are not refunded unless the item was defective or incorrectly sent.
return_policy,Will I be refunded for the return shipping cost?,Return shipping costs are not refunded unless the item was defective or incorrectly sent.
account_issues,How do I reset my password?,You can reset your password by clicking on 'Forgot Password' at the login page.
return_policy,How long does it take to process a return?,Returns are typically processed within 5-7 business days.
order_status,I haven't received my order yet.,We apologize for the delay. Please allow a few more days for your order to arrive.
return_policy,Can I return an item after 30 days?,"Unfortunately, items cannot be returned after 30 days from the date of purchase."
order_status,Where is my order?,Your order is on the way and should arrive within 3-5 business days.
return_policy,Can I return an item after 30 days?,"Unfortunately, items cannot be returned after 30 days from the date of purchase."
order_status,I haven't received my order yet.,We apologize for the delay. Please allow a few more days for your order to arrive.
return_policy,How do I return a product?,"To return a product, please visit our returns page and follow the instructions."
account_issues,How do I update my account information?,You can update your account information by logging in and visiting the 'Account Settings' page.
return_policy,How do I return a product?,"To return a product, please visit our returns page and follow the instructions."
account_issues,How do I reset my password?,You can reset your password by clicking on 'Forgot Password' at the login page.
account_issues,Why was my account locked?,Your account may be locked due to multiple failed login attempts. Please reset your password or contact support.
order_status,When will my order arrive?,The current status of your order is 'In Transit' and it should arrive soon.
return_policy,What is your return policy?,You can return any item within 30 days of purchase.
order_status,I haven't received my order yet.,We apologize for the delay. Please allow a few more days for your order to arrive.
order_status,When will my order arrive?,The current status of your order is 'In Transit' and it should arrive soon.
technical_support,The website is not loading,"Please try clearing your browser's cache and cookies, and then reload the page."
order_status,Where is my order?,Your order is on the way and should arrive within 3-5 business days.
technical_support,I'm experiencing issues with the app,"Please restart the app and try again. If the issue persists, contact our support team."
order_status,Can you tell me the status of my order?,Your order has been shipped and is expected to arrive by [date].
account_issues,How do I update my account information?,You can update your account information by logging in and visiting the 'Account Settings' page.
return_policy,How long does it take to process a return?,Returns are typically processed within 5-7 business days.
return_policy,How long does it take to process a return?,Returns are typically processed within 5-7 business days.
technical_support,My app is crashing,Try reinstalling the app and ensure your device's software is up to date.
account_issues,Why was my account locked?,Your account may be locked due to multiple failed login attempts. Please reset your password or contact support.
order_status,When will my order arrive?,The current status of your order is 'In Transit' and it should arrive soon.
return_policy,How do I return a product?,"To return a product, please visit our returns page and follow the instructions."
order_status,When will my order arrive?,The current status of your order is 'In Transit' and it should arrive soon.
technical_support,I'm experiencing issues with the app,"Please restart the app and try again. If the issue persists, contact our support team."
account_issues,I can't access my account,Please contact our support team to assist you with account access issues.
technical_support,How do I report a bug?,"To report a bug, please visit our support page and submit a bug report."
return_policy,Will I be refunded for the return shipping cost?,Return shipping costs are not refunded unless the item was defective or incorrectly sent.
account_issues,Can I delete my account?,"To delete your account, please contact our support team."
return_policy,Will I be refunded for the return shipping cost?,Return shipping costs are not refunded unless the item was defective or incorrectly sent.
account_issues,I can't access my account,Please contact our support team to assist you with account access issues.
return_policy,What is your return policy?,You can return any item within 30 days of purchase.
order_status,Where is my order?,Your order is on the way and should arrive within 3-5 business days.
technical_support,I'm experiencing issues with the app,"Please restart the app and try again. If the issue persists, contact our support team."
technical_support,The website is not loading,"Please try clearing your browser's cache and cookies, and then reload the page."
technical_support,I'm experiencing issues with the app,"Please restart the app and try again. If the issue persists, contact our support team."
order_status,Where is my order?,Your order is on the way and should arrive within 3-5 business days.
account_issues,Can I delete my account?,"To delete your account, please contact our support team."
order_status,When will my order arrive?,The current status of your order is 'In Transit' and it should arrive soon.
account_issues,How do I update my account information?,You can update your account information by logging in and visiting the 'Account Settings' page.
return_policy,Will I be refunded for the return shipping cost?,Return shipping costs are not refunded unless the item was defective or incorrectly sent.
order_status,I haven't received my order yet.,We apologize for the delay. Please allow a few more days for your order to arrive.
order_status,"My order is delayed, what should I do?",Please contact our support team for assistance with delayed orders.
return_policy,Will I be refunded for the return shipping cost?,Return shipping costs are not refunded unless the item was defective or incorrectly sent.
order_status,"My order is delayed, what should I do?",Please contact our support team for assistance with delayed orders.
technical_support,How do I update the app?,You can update the app by visiting the app store on your device and checking for updates.
order_status,Where is my order?,Your order is on the way and should arrive within 3-5 business days.
account_issues,Can I delete my account?,"To delete your account, please contact our support team."
account_issues,How do I update my account information?,You can update your account information by logging in and visiting the 'Account Settings' page.
account_issues,Can I delete my account?,"To delete your account, please contact our support team."
return_policy,How long does it take to process a return?,Returns are typically processed within 5-7 business days.
return_policy,Will I be refunded for the return shipping cost?,Return shipping costs are not refunded unless the item was defective or incorrectly sent.
technical_support,How do I report a bug?,"To report a bug, please visit our support page and submit a bug report."
account_issues,Can I delete my account?,"To delete your account, please contact our support team."
technical_support,How do I update the app?,You can update the app by visiting the app store on your device and checking for updates.
technical_support,I'm experiencing issues with the app,"Please restart the app and try again. If the issue persists, contact our support team."
account_issues,How do I reset my password?,You can reset your password by clicking on 'Forgot Password' at the login page.
return_policy,Can I return an item after 30 days?,"Unfortunately, items cannot be returned after 30 days from the date of purchase."
account_issues,Can I delete my account?,"To delete your account, please contact our support team."
return_policy,What is your return policy?,You can return any item within 30 days of purchase.
order_status,Where is my order?,Your order is on the way and should arrive within 3-5 business days.
order_status,I haven't received my order yet.,We apologize for the delay. Please allow a few more days for your order to arrive.
technical_support,My app is crashing,Try reinstalling the app and ensure your device's software is up to date.
account_issues,How do I update my account information?,You can update your account information by logging in and visiting the 'Account Settings' page.
account_issues,How do I update my account information?,You can update your account information by logging in and visiting the 'Account Settings' page.
order_status,I haven't received my order yet.,We apologize for the delay. Please allow a few more days for your order to arrive.
technical_support,How do I update the app?,You can update the app by visiting the app store on your device and checking for updates.
technical_support,How do I report a bug?,"To report a bug, please visit our support page and submit a bug report."
order_status,Can you tell me the status of my order?,Your order has been shipped and is expected to arrive by [date].
return_policy,What is your return policy?,You can return any item within 30 days of purchase.
order_status,When will my order arrive?,The current status of your order is 'In Transit' and it should arrive soon.
return_policy,What is your return policy?,You can return any item within 30 days of purchase.
order_status,Where is my order?,Your order is on the way and should arrive within 3-5 business days.
technical_support,The website is not loading,"Please try clearing your browser's cache and cookies, and then reload the page."
return_policy,Can I return an item after 30 days?,"Unfortunately, items cannot be returned after 30 days from the date of purchase."
account_issues,Can I delete my account?,"To delete your account, please contact our support team."
technical_support,The website is not loading,"Please try clearing your browser's cache and cookies, and then reload the page."
technical_support,How do I update the app?,You can update the app by visiting the app store on your device and checking for updates.
order_status,"My order is delayed, what should I do?",Please contact our support team for assistance with delayed orders.
technical_support,I'm experiencing issues with the app,"Please restart the app and try again. If the issue persists, contact our support team."
order_status,"My order is delayed, what should I do?",Please contact our support team for assistance with delayed orders.
order_status,I haven't received my order yet.,We apologize for the delay. Please allow a few more days for your order to arrive.
technical_support,How do I update the app?,You can update the app by visiting the app store on your device and checking for updates.
technical_support,How do I report a bug?,"To report a bug, please visit our support page and submit a bug report."
return_policy,Will I be refunded for the return shipping cost?,Return shipping costs are not refunded unless the item was defective or incorrectly sent.
order_status,Can you tell me the status of my order?,Your order has been shipped and is expected to arrive by [date].
account_issues,How do I reset my password?,You can reset your password by clicking on 'Forgot Password' at the login page.
account_issues,How do I update my account information?,You can update your account information by logging in and visiting the 'Account Settings' page.
account_issues,I can't access my account,Please contact our support team to assist you with account access issues.
account_issues,I can't access my account,Please contact our support team to assist you with account access issues.
order_status,Can you tell me the status of my order?,Your order has been shipped and is expected to arrive by [date].
return_policy,How do I return a product?,"To return a product, please visit our returns page and follow the instructions."
account_issues,How do I reset my password?,You can reset your password by clicking on 'Forgot Password' at the login page.
technical_support,How do I update the app?,You can update the app by visiting the app store on your device and checking for updates.
order_status,Where is my order?,Your order is on the way and should arrive within 3-5 business days.
return_policy,How do I return a product?,"To return a product, please visit our returns page and follow the instructions."
return_policy,Will I be refunded for the return shipping cost?,Return shipping costs are not refunded unless the item was defective or incorrectly sent.
technical_support,How do I report a bug?,"To report a bug, please visit our support page and submit a bug report."
return_policy,Can I return an item after 30 days?,"Unfortunately, items cannot be returned after 30 days from the date of purchase."
technical_support,My app is crashing,Try reinstalling the app and ensure your device's software is up to date.
account_issues,How do I update my account information?,You can update your account information by logging in and visiting the 'Account Settings' page.
technical_support,How do I report a bug?,"To report a bug, please visit our support page and submit a bug report."
technical_support,How do I report a bug?,"To report a bug, please visit our support page and submit a bug report."
technical_support,My app is crashing,Try reinstalling the app and ensure your device's software is up to date.
account_issues,How do I update my account information?,You can update your account information by logging in and visiting the 'Account Settings' page.
order_status,Where is my order?,Your order is on the way and should arrive within 3-5 business days.
technical_support,How do I update the app?,You can update the app by visiting the app store on your device and checking for updates.
account_issues,Can I delete my account?,"To delete your account, please contact our support team."
order_status,When will my order arrive?,The current status of your order is 'In Transit' and it should arrive soon.
return_policy,Can I return an item after 30 days?,"Unfortunately, items cannot be returned after 30 days from the date of purchase."
account_issues,I can't access my account,Please contact our support team to assist you with account access issues.
account_issues,I can't access my account,Please contact our support team to assist you with account access issues.
order_status,Where is my order?,Your order is on the way and should arrive within 3-5 business days.
account_issues,How do I reset my password?,You can reset your password by clicking on 'Forgot Password' at the login page.
order_status,When will my order arrive?,The current status of your order is 'In Transit' and it should arrive soon.
account_issues,How do I update my account information?,You can update your account information by logging in and visiting the 'Account Settings' page.
return_policy,Will I be refunded for the return shipping cost?,Return shipping costs are not refunded unless the item was defective or incorrectly sent.
return_policy,What is your return policy?,You can return any item within 30 days of purchase.
return_policy,How long does it take to process a return?,Returns are typically processed within 5-7 business days.
account_issues,How do I reset my password?,You can reset your password by clicking on 'Forgot Password' at the login page.
technical_support,I'm experiencing issues with the app,"Please restart the app and try again. If the issue persists, contact our support team."
order_status,"My order is delayed, what should I do?",Please contact our support team for assistance with delayed orders.
return_policy,What is your return policy?,You can return any item within 30 days of purchase.
return_policy,Will I be refunded for the return shipping cost?,Return shipping costs are not refunded unless the item was defective or incorrectly sent.
account_issues,Can I delete my account?,"To delete your account, please contact our support team."
technical_support,The website is not loading,"Please try clearing your browser's cache and cookies, and then reload the page."
technical_support,The website is not loading,"Please try clearing your browser's cache and cookies, and then reload the page."
account_issues,I can't access my account,Please contact our support team to assist you with account access issues.
return_policy,Can I return an item after 30 days?,"Unfortunately, items cannot be returned after 30 days from the date of purchase."
technical_support,The website is not loading,"Please try clearing your browser's cache and cookies, and then reload the page."
account_issues,How do I reset my password?,You can reset your password by clicking on 'Forgot Password' at the login page.
return_policy,Will I be refunded for the return shipping cost?,Return shipping costs are not refunded unless the item was defective or incorrectly sent.
account_issues,Can I delete my account?,"To delete your account, please contact our support team."
account_issues,How do I reset my password?,You can reset your password by clicking on 'Forgot Password' at the login page.
technical_support,My app is crashing,Try reinstalling the app and ensure your device's software is up to date.
return_policy,How do I return a product?,"To return a product, please visit our returns page and follow the instructions."
order_status,I haven't received my order yet.,We apologize for the delay. Please allow a few more days for your order to arrive.
account_issues,How do I update my account information?,You can update your account information by logging in and visiting the 'Account Settings' page.
account_issues,I can't access my account,Please contact our support team to assist you with account access issues.
return_policy,What is your return policy?,You can return any item within 30 days of purchase.
order_status,When will my order arrive?,The current status of your order is 'In Transit' and it should arrive soon.
return_policy,Can I return an item after 30 days?,"Unfortunately, items cannot be returned after 30 days from the date of purchase."
order_status,"My order is delayed, what should I do?",Please contact our support team for assistance with delayed orders.
account_issues,Can I delete my account?,"To delete your account, please contact our support team."
return_policy,How do I return a product?,"To return a product, please visit our returns page and follow the instructions."
technical_support,How do I report a bug?,"To report a bug, please visit our support page and submit a bug report."
account_issues,I can't access my account,Please contact our support team to assist you with account access issues.
return_policy,What is your return policy?,You can return any item within 30 days of purchase.
order_status,Where is my order?,Your order is on the way and should arrive within 3-5 business days.
technical_support,The website is not loading,"Please try clearing your browser's cache and cookies, and then reload the page."
return_policy,Will I be refunded for the return shipping cost?,Return shipping costs are not refunded unless the item was defective or incorrectly sent.
return_policy,Will I be refunded for the return shipping cost?,Return shipping costs are not refunded unless the item was defective or incorrectly sent.
return_policy,Will I be refunded for the return shipping cost?,Return shipping costs are not refunded unless the item was defective or incorrectly sent.
return_policy,Can I return an item after 30 days?,"Unfortunately, items cannot be returned after 30 days from the date of purchase."
account_issues,How do I update my account information?,You can update your account information by logging in and visiting the 'Account Settings' page.
return_policy,How long does it take to process a return?,Returns are typically processed within 5-7 business days.
account_issues,Why was my account locked?,Your account may be locked due to multiple failed login attempts. Please reset your password or contact support.
technical_support,How do I update the app?,You can update the app by visiting the app store on your device and checking for updates.
account_issues,How do I reset my password?,You can reset your password by clicking on 'Forgot Password' at the login page.
order_status,Where is my order?,Your order is on the way and should arrive within 3-5 business days.
account_issues,Can I delete my account?,"To delete your account, please contact our support team."
order_status,Where is my order?,Your order is on the way and should arrive within 3-5 business days.
return_policy,Will I be refunded for the return shipping cost?,Return shipping costs are not refunded unless the item was defective or incorrectly sent.
technical_support,My app is crashing,Try reinstalling the app and ensure your device's software is up to date.
return_policy,What is your return policy?,You can return any item within 30 days of purchase.
order_status,Can you tell me the status of my order?,Your order has been shipped and is expected to arrive by [date].
technical_support,How do I report a bug?,"To report a bug, please visit our support page and submit a bug report."
account_issues,How do I update my account information?,You can update your account information by logging in and visiting the 'Account Settings' page.
order_status,Can you tell me the status of my order?,Your order has been shipped and is expected to arrive by [date].
technical_support,How do I update the app?,You can update the app by visiting the app store on your device and checking for updates.
technical_support,I'm experiencing issues with the app,"Please restart the app and try again. If the issue persists, contact our support team."
account_issues,How do I reset my password?,You can reset your password by clicking on 'Forgot Password' at the login page.
return_policy,How long does it take to process a return?,Returns are typically processed within 5-7 business days.
order_status,When will my order arrive?,The current status of your order is 'In Transit' and it should arrive soon.
account_issues,Why was my account locked?,Your account may be locked due to multiple failed login attempts. Please reset your password or contact support.
account_issues,I can't access my account,Please contact our support team to assist you with account access issues.
account_issues,How do I reset my password?,You can reset your password by clicking on 'Forgot Password' at the login page.
return_policy,How long does it take to process a return?,Returns are typically processed within 5-7 business days.
account_issues,How do I update my account information?,You can update your account information by logging in and visiting the 'Account Settings' page.
return_policy,How do I return a product?,"To return a product, please visit our returns page and follow the instructions."
account_issues,I can't access my account,Please contact our support team to assist you with account access issues.
return_policy,Can I return an item after 30 days?,"Unfortunately, items cannot be returned after 30 days from the date of purchase."
return_policy,How do I return a product?,"To return a product, please visit our returns page and follow the instructions."
technical_support,How do I update the app?,You can update the app by visiting the app store on your device and checking for updates.
return_policy,How do I return a product?,"To return a product, please visit our returns page and follow the instructions."
technical_support,I'm experiencing issues with the app,"Please restart the app and try again. If the issue persists, contact our support team."
technical_support,My app is crashing,Try reinstalling the app and ensure your device's software is up to date.
account_issues,How do I update my account information?,You can update your account information by logging in and visiting the 'Account Settings' page.
order_status,Where is my order?,Your order is on the way and should arrive within 3-5 business days.
return_policy,How do I return a product?,"To return a product, please visit our returns page and follow the instructions."
technical_support,How do I update the app?,You can update the app by visiting the app store on your device and checking for updates.
order_status,Where is my order?,Your order is on the way and should arrive within 3-5 business days.
technical_support,How do I update the app?,You can update the app by visiting the app store on your device and checking for updates.
order_status,"My order is delayed, what should I do?",Please contact our support team for assistance with delayed orders.
return_policy,How do I return a product?,"To return a product, please visit our returns page and follow the instructions."
order_status,"My order is delayed, what should I do?",Please contact our support team for assistance with delayed orders.
technical_support,My app is crashing,Try reinstalling the app and ensure your device's software is up to date.
account_issues,Why was my account locked?,Your account may be locked due to multiple failed login attempts. Please reset your password or contact support.
return_policy,Can I return an item after 30 days?,"Unfortunately, items cannot be returned after 30 days from the date of purchase."
return_policy,Can I return an item after 30 days?,"Unfortunately, items cannot be returned after 30 days from the date of purchase."
technical_support,I'm experiencing issues with the app,"Please restart the app and try again. If the issue persists, contact our support team."
return_policy,Can I return an item after 30 days?,"Unfortunately, items cannot be returned after 30 days from the date of purchase."
technical_support,My app is crashing,Try reinstalling the app and ensure your device's software is up to date.
order_status,"My order is delayed, what should I do?",Please contact our support team for assistance with delayed orders.
technical_support,My app is crashing,Try reinstalling the app and ensure your device's software is up to date.
account_issues,Can I delete my account?,"To delete your account, please contact our support team."
account_issues,Can I delete my account?,"To delete your account, please contact our support team."
return_policy,What is your return policy?,You can return any item within 30 days of purchase.
account_issues,How do I update my account information?,You can update your account information by logging in and visiting the 'Account Settings' page.
technical_support,How do I update the app?,You can update the app by visiting the app store on your device and checking for updates.
account_issues,Why was my account locked?,Your account may be locked due to multiple failed login attempts. Please reset your password or contact support.
return_policy,How do I return a product?,"To return a product, please visit our returns page and follow the instructions."
technical_support,My app is crashing,Try reinstalling the app and ensure your device's software is up to date.
technical_support,How do I report a bug?,"To report a bug, please visit our support page and submit a bug report."
account_issues,How do I reset my password?,You can reset your password by clicking on 'Forgot Password' at the login page.
order_status,I haven't received my order yet.,We apologize for the delay. Please allow a few more days for your order to arrive.
account_issues,Can I delete my account?,"To delete your account, please contact our support team."
account_issues,How do I reset my password?,You can reset your password by clicking on 'Forgot Password' at the login page.
order_status,Can you tell me the status of my order?,Your order has been shipped and is expected to arrive by [date].
order_status,I haven't received my order yet.,We apologize for the delay. Please allow a few more days for your order to arrive.
account_issues,I can't access my account,Please contact our support team to assist you with account access issues.
account_issues,How do I reset my password?,You can reset your password by clicking on 'Forgot Password' at the login page.
technical_support,How do I update the app?,You can update the app by visiting the app store on your device and checking for updates.
return_policy,What is your return policy?,You can return any item within 30 days of purchase.
order_status,Where is my order?,Your order is on the way and should arrive within 3-5 business days.
technical_support,My app is crashing,Try reinstalling the app and ensure your device's software is up to date.
order_status,"My order is delayed, what should I do?",Please contact our support team for assistance with delayed orders.
return_policy,What is your return policy?,You can return any item within 30 days of purchase.
technical_support,My app is crashing,Try reinstalling the app and ensure your device's software is up to date.
technical_support,I'm experiencing issues with the app,"Please restart the app and try again. If the issue persists, contact our support team."
account_issues,Can I delete my account?,"To delete your account, please contact our support team."
technical_support,I'm experiencing issues with the app,"Please restart the app and try again. If the issue persists, contact our support team."
order_status,Where is my order?,Your order is on the way and should arrive within 3-5 business days.
return_policy,How long does it take to process a return?,Returns are typically processed within 5-7 business days.
technical_support,I'm experiencing issues with the app,"Please restart the app and try again. If the issue persists, contact our support team."
order_status,When will my order arrive?,The current status of your order is 'In Transit' and it should arrive soon.
order_status,Where is my order?,Your order is on the way and should arrive within 3-5 business days.
technical_support,How do I update the app?,You can update the app by visiting the app store on your device and checking for updates.
order_status,"My order is delayed, what should I do?",Please contact our support team for assistance with delayed orders.
account_issues,Can I delete my account?,"To delete your account, please contact our support team."
account_issues,Why was my account locked?,Your account may be locked due to multiple failed login attempts. Please reset your password or contact support.
return_policy,How long does it take to process a return?,Returns are typically processed within 5-7 business days.
account_issues,Why was my account locked?,Your account may be locked due to multiple failed login attempts. Please reset your password or contact support.
technical_support,How do I update the app?,You can update the app by visiting the app store on your device and checking for updates.
account_issues,Why was my account locked?,Your account may be locked due to multiple failed login attempts. Please reset your password or contact support.
order_status,Where is my order?,Your order is on the way and should arrive within 3-5 business days.
technical_support,I'm experiencing issues with the app,"Please restart the app and try again. If the issue persists, contact our support team."
order_status,Can you tell me the status of my order?,Your order has been shipped and is expected to arrive by [date].
technical_support,How do I update the app?,You can update the app by visiting the app store on your device and checking for updates.
technical_support,I'm experiencing issues with the app,"Please restart the app and try again. If the issue persists, contact our support team."
order_status,Where is my order?,Your order is on the way and should arrive within 3-5 business days.
account_issues,Can I delete my account?,"To delete your account, please contact our support team."
technical_support,I'm experiencing issues with the app,"Please restart the app and try again. If the issue persists, contact our support team."
order_status,Where is my order?,Your order is on the way and should arrive within 3-5 business days.
technical_support,I'm experiencing issues with the app,"Please restart the app and try again. If the issue persists, contact our support team."
order_status,Where is my order?,Your order is on the way and should arrive within 3-5 business days.
technical_support,I'm experiencing issues with the app,"Please restart the app and try again. If the issue persists, contact our support team."
technical_support,How do I update the app?,You can update the app by visiting the app store on your device and checking for updates.
account_issues,I can't access my account,Please contact our support team to assist you with account access issues.
order_status,"My order is delayed, what should I do?",Please contact our support team for assistance with delayed orders.
technical_support,How do I report a bug?,"To report a bug, please visit our support page and submit a bug report."
technical_support,My app is crashing,Try reinstalling the app and ensure your device's software is up to date.
technical_support,The website is not loading,"Please try clearing your browser's cache and cookies, and then reload the page."
account_issues,I can't access my account,Please contact our support team to assist you with account access issues.
return_policy,Will I be refunded for the return shipping cost?,Return shipping costs are not refunded unless the item was defective or incorrectly sent.
return_policy,How long does it take to process a return?,Returns are typically processed within 5-7 business days.
account_issues,Why was my account locked?,Your account may be locked due to multiple failed login attempts. Please reset your password or contact support.
order_status,When will my order arrive?,The current status of your order is 'In Transit' and it should arrive soon.
return_policy,How do I return a product?,"To return a product, please visit our returns page and follow the instructions."
account_issues,How do I reset my password?,You can reset your password by clicking on 'Forgot Password' at the login page.
technical_support,How do I report a bug?,"To report a bug, please visit our support page and submit a bug report."
account_issues,How do I reset my password?,You can reset your password by clicking on 'Forgot Password' at the login page.
technical_support,The website is not loading,"Please try clearing your browser's cache and cookies, and then reload the page."
return_policy,Will I be refunded for the return shipping cost?,Return shipping costs are not refunded unless the item was defective or incorrectly sent.
order_status,Can you tell me the status of my order?,Your order has been shipped and is expected to arrive by [date].
account_issues,How do I update my account information?,You can update your account information by logging in and visiting the 'Account Settings' page.
technical_support,How do I report a bug?,"To report a bug, please visit our support page and submit a bug report."
technical_support,The website is not loading,"Please try clearing your browser's cache and cookies, and then reload the page."
order_status,Can you tell me the status of my order?,Your order has been shipped and is expected to arrive by [date].
return_policy,How long does it take to process a return?,Returns are typically processed within 5-7 business days.
account_issues,Why was my account locked?,Your account may be locked due to multiple failed login attempts. Please reset your password or contact support.
order_status,I haven't received my order yet.,We apologize for the delay. Please allow a few more days for your order to arrive.
technical_support,I'm experiencing issues with the app,"Please restart the app and try again. If the issue persists, contact our support team."
technical_support,How do I report a bug?,"To report a bug, please visit our support page and submit a bug report."
order_status,"My order is delayed, what should I do?",Please contact our support team for assistance with delayed orders.
account_issues,How do I update my account information?,You can update your account information by logging in and visiting the 'Account Settings' page.
technical_support,How do I update the app?,You can update the app by visiting the app store on your device and checking for updates.
return_policy,Can I return an item after 30 days?,"Unfortunately, items cannot be returned after 30 days from the date of purchase."
order_status,"My order is delayed, what should I do?",Please contact our support team for assistance with delayed orders.
technical_support,The website is not loading,"Please try clearing your browser's cache and cookies, and then reload the page."
order_status,Where is my order?,Your order is on the way and should arrive within 3-5 business days.
account_issues,How do I update my account information?,You can update your account information by logging in and visiting the 'Account Settings' page.
account_issues,Can I delete my account?,"To delete your account, please contact our support team."
technical_support,How do I report a bug?,"To report a bug, please visit our support page and submit a bug report."
order_status,Can you tell me the status of my order?,Your order has been shipped and is expected to arrive by [date].
order_status,"My order is delayed, what should I do?",Please contact our support team for assistance with delayed orders.
technical_support,I'm experiencing issues with the app,"Please restart the app and try again. If the issue persists, contact our support team."
technical_support,How do I update the app?,You can update the app by visiting the app store on your device and checking for updates.
account_issues,Can I delete my account?,"To delete your account, please contact our support team."
order_status,"My order is delayed, what should I do?",Please contact our support team for assistance with delayed orders.
account_issues,I can't access my account,Please contact our support team to assist you with account access issues.
order_status,When will my order arrive?,The current status of your order is 'In Transit' and it should arrive soon.
order_status,Where is my order?,Your order is on the way and should arrive within 3-5 business days.
order_status,Can you tell me the status of my order?,Your order has been shipped and is expected to arrive by [date].
order_status,Can you tell me the status of my order?,Your order has been shipped and is expected to arrive by [date].
account_issues,How do I update my account information?,You can update your account information by logging in and visiting the 'Account Settings' page.
order_status,"My order is delayed, what should I do?",Please contact our support team for assistance with delayed orders.
technical_support,The website is not loading,"Please try clearing your browser's cache and cookies, and then reload the page."
technical_support,How do I update the app?,You can update the app by visiting the app store on your device and checking for updates.
technical_support,How do I report a bug?,"To report a bug, please visit our support page and submit a bug report."
order_status,Where is my order?,Your order is on the way and should arrive within 3-5 business days.
return_policy,Can I return an item after 30 days?,"Unfortunately, items cannot be returned after 30 days from the date of purchase."
return_policy,Will I be refunded for the return shipping cost?,Return shipping costs are not refunded unless the item was defective or incorrectly sent.
return_policy,Will I be refunded for the return shipping cost?,Return shipping costs are not refunded unless the item was defective or incorrectly sent.
order_status,When will my order arrive?,The current status of your order is 'In Transit' and it should arrive soon.
order_status,When will my order arrive?,The current status of your order is 'In Transit' and it should arrive soon.
account_issues,Why was my account locked?,Your account may be locked due to multiple failed login attempts. Please reset your password or contact support.
technical_support,How do I report a bug?,"To report a bug, please visit our support page and submit a bug report."
technical_support,How do I update the app?,You can update the app by visiting the app store on your device and checking for updates.
return_policy,What is your return policy?,You can return any item within 30 days of purchase.
technical_support,How do I update the app?,You can update the app by visiting the app store on your device and checking for updates.
technical_support,My app is crashing,Try reinstalling the app and ensure your device's software is up to date.
technical_support,How do I update the app?,You can update the app by visiting the app store on your device and checking for updates.
account_issues,I can't access my account,Please contact our support team to assist you with account access issues.
order_status,I haven't received my order yet.,We apologize for the delay. Please allow a few more days for your order to arrive.
return_policy,How do I return a product?,"To return a product, please visit our returns page and follow the instructions."
return_policy,What is your return policy?,You can return any item within 30 days of purchase.
return_policy,What is your return policy?,You can return any item within 30 days of purchase.
account_issues,Why was my account locked?,Your account may be locked due to multiple failed login attempts. Please reset your password or contact support.
order_status,I haven't received my order yet.,We apologize for the delay. Please allow a few more days for your order to arrive.
order_status,Where is my order?,Your order is on the way and should arrive within 3-5 business days.
order_status,Can you tell me the status of my order?,Your order has been shipped and is expected to arrive by [date].
technical_support,My app is crashing,Try reinstalling the app and ensure your device's software is up to date.
account_issues,I can't access my account,Please contact our support team to assist you with account access issues.
technical_support,My app is crashing,Try reinstalling the app and ensure your device's software is up to date.
technical_support,My app is crashing,Try reinstalling the app and ensure your device's software is up to date.
account_issues,How do I reset my password?,You can reset your password by clicking on 'Forgot Password' at the login page.
return_policy,How do I return a product?,"To return a product, please visit our returns page and follow the instructions."
order_status,Where is my order?,Your order is on the way and should arrive within 3-5 business days.
technical_support,The website is not loading,"Please try clearing your browser's cache and cookies, and then reload the page."
technical_support,My app is crashing,Try reinstalling the app and ensure your device's software is up to date.
account_issues,How do I update my account information?,You can update your account information by logging in and visiting the 'Account Settings' page.
return_policy,How long does it take to process a return?,Returns are typically processed within 5-7 business days.
return_policy,What is your return policy?,You can return any item within 30 days of purchase.
technical_support,My app is crashing,Try reinstalling the app and ensure your device's software is up to date.
return_policy,How do I return a product?,"To return a product, please visit our returns page and follow the instructions."
order_status,Where is my order?,Your order is on the way and should arrive within 3-5 business days.
order_status,Can you tell me the status of my order?,Your order has been shipped and is expected to arrive by [date].
return_policy,Will I be refunded for the return shipping cost?,Return shipping costs are not refunded unless the item was defective or incorrectly sent.
account_issues,How do I reset my password?,You can reset your password by clicking on 'Forgot Password' at the login page.
order_status,When will my order arrive?,The current status of your order is 'In Transit' and it should arrive soon.
account_issues,Why was my account locked?,Your account may be locked due to multiple failed login attempts. Please reset your password or contact support.
technical_support,I'm experiencing issues with the app,"Please restart the app and try again. If the issue persists, contact our support team."
order_status,Where is my order?,Your order is on the way and should arrive within 3-5 business days.
order_status,Where is my order?,Your order is on the way and should arrive within 3-5 business days.
account_issues,How do I reset my password?,You can reset your password by clicking on 'Forgot Password' at the login page.
account_issues,Why was my account locked?,Your account may be locked due to multiple failed login attempts. Please reset your password or contact support.
order_status,"My order is delayed, what should I do?",Please contact our support team for assistance with delayed orders.
order_status,Where is my order?,Your order is on the way and should arrive within 3-5 business days.
account_issues,Can I delete my account?,"To delete your account, please contact our support team."
order_status,"My order is delayed, what should I do?",Please contact our support team for assistance with delayed orders.
return_policy,Will I be refunded for the return shipping cost?,Return shipping costs are not refunded unless the item was defective or incorrectly sent.
return_policy,How do I return a product?,"To return a product, please visit our returns page and follow the instructions."
account_issues,Can I delete my account?,"To delete your account, please contact our support team."
order_status,"My order is delayed, what should I do?",Please contact our support team for assistance with delayed orders.
technical_support,I'm experiencing issues with the app,"Please restart the app and try again. If the issue persists, contact our support team."
return_policy,What is your return policy?,You can return any item within 30 days of purchase.
order_status,"My order is delayed, what should I do?",Please contact our support team for assistance with delayed orders.
technical_support,I'm experiencing issues with the app,"Please restart the app and try again. If the issue persists, contact our support team."
technical_support,How do I report a bug?,"To report a bug, please visit our support page and submit a bug report."
account_issues,How do I update my account information?,You can update your account information by logging in and visiting the 'Account Settings' page.
return_policy,How long does it take to process a return?,Returns are typically processed within 5-7 business days.
return_policy,Will I be refunded for the return shipping cost?,Return shipping costs are not refunded unless the item was defective or incorrectly sent.
account_issues,How do I reset my password?,You can reset your password by clicking on 'Forgot Password' at the login page.
account_issues,I can't access my account,Please contact our support team to assist you with account access issues.
technical_support,How do I report a bug?,"To report a bug, please visit our support page and submit a bug report."
return_policy,How long does it take to process a return?,Returns are typically processed within 5-7 business days.
return_policy,Can I return an item after 30 days?,"Unfortunately, items cannot be returned after 30 days from the date of purchase."
return_policy,How long does it take to process a return?,Returns are typically processed within 5-7 business days.
technical_support,I'm experiencing issues with the app,"Please restart the app and try again. If the issue persists, contact our support team."
order_status,I haven't received my order yet.,We apologize for the delay. Please allow a few more days for your order to arrive.
account_issues,Can I delete my account?,"To delete your account, please contact our support team."
account_issues,I can't access my account,Please contact our support team to assist you with account access issues.
account_issues,I can't access my account,Please contact our support team to assist you with account access issues.
account_issues,How do I reset my password?,You can reset your password by clicking on 'Forgot Password' at the login page.
technical_support,My app is crashing,Try reinstalling the app and ensure your device's software is up to date.
technical_support,How do I update the app?,You can update the app by visiting the app store on your device and checking for updates.
account_issues,Why was my account locked?,Your account may be locked due to multiple failed login attempts. Please reset your password or contact support.
technical_support,My app is crashing,Try reinstalling the app and ensure your device's software is up to date.
order_status,Where is my order?,Your order is on the way and should arrive within 3-5 business days.
account_issues,Why was my account locked?,Your account may be locked due to multiple failed login attempts. Please reset your password or contact support.
order_status,When will my order arrive?,The current status of your order is 'In Transit' and it should arrive soon.
technical_support,The website is not loading,"Please try clearing your browser's cache and cookies, and then reload the page."
account_issues,Why was my account locked?,Your account may be locked due to multiple failed login attempts. Please reset your password or contact support.
technical_support,I'm experiencing issues with the app,"Please restart the app and try again. If the issue persists, contact our support team."
technical_support,I'm experiencing issues with the app,"Please restart the app and try again. If the issue persists, contact our support team."
technical_support,How do I update the app?,You can update the app by visiting the app store on your device and checking for updates.
technical_support,How do I update the app?,You can update the app by visiting the app store on your device and checking for updates.
order_status,Can you tell me the status of my order?,Your order has been shipped and is expected to arrive by [date].
return_policy,What is your return policy?,You can return any item within 30 days of purchase.
technical_support,The website is not loading,"Please try clearing your browser's cache and cookies, and then reload the page."
order_status,When will my order arrive?,The current status of your order is 'In Transit' and it should arrive soon.
order_status,Where is my order?,Your order is on the way and should arrive within 3-5 business days.
order_status,Can you tell me the status of my order?,Your order has been shipped and is expected to arrive by [date].
technical_support,How do I update the app?,You can update the app by visiting the app store on your device and checking for updates.
return_policy,Will I be refunded for the return shipping cost?,Return shipping costs are not refunded unless the item was defective or incorrectly sent.
technical_support,How do I report a bug?,"To report a bug, please visit our support page and submit a bug report."
return_policy,Can I return an item after 30 days?,"Unfortunately, items cannot be returned after 30 days from the date of purchase."
account_issues,Why was my account locked?,Your account may be locked due to multiple failed login attempts. Please reset your password or contact support.
order_status,I haven't received my order yet.,We apologize for the delay. Please allow a few more days for your order to arrive.
return_policy,Can I return an item after 30 days?,"Unfortunately, items cannot be returned after 30 days from the date of purchase."
return_policy,Can I return an item after 30 days?,"Unfortunately, items cannot be returned after 30 days from the date of purchase."
technical_support,My app is crashing,Try reinstalling the app and ensure your device's software is up to date.
account_issues,Why was my account locked?,Your account may be locked due to multiple failed login attempts. Please reset your password or contact support.
order_status,When will my order arrive?,The current status of your order is 'In Transit' and it should arrive soon.
return_policy,How long does it take to process a return?,Returns are typically processed within 5-7 business days.
order_status,Where is my order?,Your order is on the way and should arrive within 3-5 business days.
technical_support,The website is not loading,"Please try clearing your browser's cache and cookies, and then reload the page."
account_issues,How do I reset my password?,You can reset your password by clicking on 'Forgot Password' at the login page.
account_issues,I can't access my account,Please contact our support team to assist you with account access issues.
order_status,Can you tell me the status of my order?,Your order has been shipped and is expected to arrive by [date].
technical_support,The website is not loading,"Please try clearing your browser's cache and cookies, and then reload the page."
technical_support,How do I report a bug?,"To report a bug, please visit our support page and submit a bug report."
